<?xml version="1.0" encoding="UTF-8"?>
<project-private xmlns="http://www.netbeans.org/ns/project-private/1">
    <editor-bookmarks xmlns="http://www.netbeans.org/ns/editor-bookmarks/2" lastBookmarkId="0"/>
    <open-files xmlns="http://www.netbeans.org/ns/projectui-open-files/2">
        <group>
            <file>file:/C:/Users/User/OneDrive/Documents/NetBeansProjects/PlantMain/src/plantmain/Melati.java</file>
            <file>file:/C:/Users/User/OneDrive/Documents/NetBeansProjects/PlantMain/src/plantmain/Anggrek.java</file>
            <file>file:/C:/Users/User/OneDrive/Documents/NetBeansProjects/PlantMain/src/plantmain/PlantMainSwing.java</file>
            <file>file:/C:/Users/User/OneDrive/Documents/NetBeansProjects/PlantMain/src/plantmain/PlantMain.java</file>
            <file>file:/C:/Users/User/OneDrive/Documents/NetBeansProjects/PlantMain/src/plantmain/Garden.java</file>
            <file>file:/C:/Users/User/OneDrive/Documents/NetBeansProjects/PlantMain/src/plantmain/Mawar.java</file>
            <file>file:/C:/Users/User/OneDrive/Documents/NetBeansProjects/PlantMain/src/plantmain/image/blossom.png</file>
            <file>file:/C:/Users/User/OneDrive/Documents/NetBeansProjects/PlantMain/src/plantmain/Plant.java</file>
        </group>
    </open-files>
</project-private>
